source,target,M00,M01,M02,M10,M11,M12,image_path
Dataset/synth_eye_hard_train/img_0_original.png,Dataset/synth_eye_hard_train/img_0_transformed_0.png,0.8315590961336108,0.12727829414814873,0.1243411080847931,-0.06159573708626628,0.8455108903215577,-0.03779796453147094,Dataset/Dataset-processed/15-12-2559/2011248/Lc/2011248_20161215__L_c2.jpg
Dataset/synth_eye_hard_train/img_1_original.png,Dataset/synth_eye_hard_train/img_1_transformed_0.png,1.08511707666749,-0.06130786018392592,0.040607284781746106,-0.17615192106462318,1.1155769461441156,0.12438874652895265,Dataset/Dataset-processed/15-12-2559/2011248/Lc/2011248_20161215__L_c1.jpg
Dataset/synth_eye_hard_train/img_2_original.png,Dataset/synth_eye_hard_train/img_2_transformed_0.png,1.078080087275101,-0.10057271825470973,-0.05999266342040613,-0.06517633911570903,1.0464069594750038,-0.0972520019662217,Dataset/Dataset-processed/15-12-2559/2011248/Rb/2011248_20161215__R_b2.jpg
Dataset/synth_eye_hard_train/img_3_original.png,Dataset/synth_eye_hard_train/img_3_transformed_0.png,0.8469892247978184,0.12743344647324267,0.07041170612808056,-0.15480785279067352,0.8581117078316294,-0.07551901385146859,Dataset/Dataset-processed/15-12-2559/2011248/Rb/2011248_20161215__R_b3.jpg
Dataset/synth_eye_hard_train/img_4_original.png,Dataset/synth_eye_hard_train/img_4_transformed_0.png,0.9889840346022303,0.04507900685720728,-0.19881382756647864,-0.09778861597874858,1.161454993742798,-0.05034340747229532,Dataset/Dataset-processed/15-12-2559/2011248/Rc/2011248_20161215__R_c1.jpg
Dataset/synth_eye_hard_train/img_5_original.png,Dataset/synth_eye_hard_train/img_5_transformed_0.png,1.0305153281888466,0.026942328054240766,-0.0019671766079656927,0.1405992094380153,1.0355437410334551,-0.15111456334387763,Dataset/Dataset-processed/15-12-2559/2011248/Rc/2011248_20161215__R_c2.jpg
Dataset/synth_eye_hard_train/img_6_original.png,Dataset/synth_eye_hard_train/img_6_transformed_0.png,1.028130423377965,-0.00550901820728017,-0.03438393360587347,0.0331918066383452,0.8055413516050078,-0.19078661542829015,Dataset/Dataset-processed/15-12-2559/2976988-16/b/2976988_20161216_b2.jpg
Dataset/synth_eye_hard_train/img_7_original.png,Dataset/synth_eye_hard_train/img_7_transformed_0.png,1.1740477413134323,0.1097395466803634,-0.10389304573005208,-0.11405478447748046,0.8082506393872788,0.09789866629365906,Dataset/Dataset-processed/15-12-2559/2976988-16/b/2976988_20161216_b1.jpg
Dataset/synth_eye_hard_train/img_8_original.png,Dataset/synth_eye_hard_train/img_8_transformed_0.png,1.0426365784014004,0.017437994597850892,-0.009251191945845505,-0.00909184288824888,0.9394411118399323,0.17535138219202046,Dataset/Dataset-processed/15-12-2559/2976988-16/c/2976988_20161216_c1.jpg
Dataset/synth_eye_hard_train/img_9_original.png,Dataset/synth_eye_hard_train/img_9_transformed_0.png,0.9957567838399527,0.0835087586430886,0.09209576340557224,0.1176295282167582,0.9471044473336951,0.06408865990926482,Dataset/Dataset-processed/15-12-2559/2976988-16/c/2976988_20161216_c2.jpg
Dataset/synth_eye_hard_train/img_10_original.png,Dataset/synth_eye_hard_train/img_10_transformed_0.png,1.1799201891817055,0.03937140964678426,0.0717816840961703,0.13949193390882864,0.8801843133823886,0.10426114919633517,Dataset/Dataset-processed/15-12-2559/2976988-15/b/2976988_20161215_b1.jpg
Dataset/synth_eye_hard_train/img_11_original.png,Dataset/synth_eye_hard_train/img_11_transformed_0.png,1.1318470494935495,0.15896954064247037,-0.05374721568962057,0.17895598182131794,1.1225415186956738,0.11516984692612553,Dataset/Dataset-processed/15-12-2559/2976988-15/b/2976988_20161215_b2.jpg
Dataset/synth_eye_hard_train/img_12_original.png,Dataset/synth_eye_hard_train/img_12_transformed_0.png,0.9916863013210406,-0.1756178056750494,-0.04994503813511858,-0.18231021184067497,0.992988870448607,0.10532312532609506,Dataset/Dataset-processed/15-12-2559/2976988-15/c/2976988_20161215_c1.jpg
Dataset/synth_eye_hard_train/img_13_original.png,Dataset/synth_eye_hard_train/img_13_transformed_0.png,1.114386438224083,-0.18124441142097322,0.018063383407964595,0.08000288784083509,1.088083542482297,0.055893058325908906,Dataset/Dataset-processed/15-12-2559/2976988-15/c/2976988_20161215_c3.jpg
Dataset/synth_eye_hard_train/img_14_original.png,Dataset/synth_eye_hard_train/img_14_transformed_0.png,1.1964828145945028,-0.1778156561008625,0.14817024599458212,-0.008189153707691604,0.817882764971452,-0.00825147123233444,Dataset/Dataset-processed/03-03-2560/3220394-1RL/b1/3220394_20170303_before_b2_L_01.jpg
Dataset/synth_eye_hard_train/img_15_original.png,Dataset/synth_eye_hard_train/img_15_transformed_0.png,1.1391695339497183,-0.10199575841602063,-0.05560613899729816,0.18506228856225748,1.0416304753277776,-0.19491247098196562,Dataset/Dataset-processed/03-03-2560/3220394-1RL/b1/3220394_20170303_after_b1-1_L_01.jpg
Dataset/synth_eye_hard_train/img_16_original.png,Dataset/synth_eye_hard_train/img_16_transformed_0.png,0.964354391808449,0.011557654142934748,0.17606966577269034,-0.16026481947226312,1.107272453132126,-0.10477068174587854,Dataset/Dataset-processed/03-03-2560/3220394-1RL/b1/3220394_20170303_before_b2-1_L_01.jpg
Dataset/synth_eye_hard_train/img_17_original.png,Dataset/synth_eye_hard_train/img_17_transformed_0.png,1.0538821367306974,-0.024689777660178214,-0.09861014097367043,0.06479089162744717,0.8116774456472505,0.08637374347296678,Dataset/Dataset-processed/03-03-2560/3220394-1RL/b1/3220394_20170303_before_b3_L_01.jpg
Dataset/synth_eye_hard_train/img_18_original.png,Dataset/synth_eye_hard_train/img_18_transformed_0.png,1.1104278682673487,0.017033027092465597,0.19510026093187527,0.12292019011590521,1.1536019301492622,0.06372111408384973,Dataset/Dataset-processed/03-03-2560/3220394-1RL/b1/3220394_20170303_before_b1_L_01.jpg
Dataset/synth_eye_hard_train/img_19_original.png,Dataset/synth_eye_hard_train/img_19_transformed_0.png,1.1433860506502929,0.09682652223221655,-0.14844209932385138,-0.13609267114567397,0.8049027155264811,-0.13523729623041458,Dataset/Dataset-processed/03-03-2560/3220394-1RL/b1/3220394_20170303_after_b3_L_01.jpg
Dataset/synth_eye_hard_train/img_20_original.png,Dataset/synth_eye_hard_train/img_20_transformed_0.png,1.0824341351224984,-0.07029327839080352,0.07084131962454965,-0.13931063773612126,0.8371341955661805,0.12017540036577784,Dataset/Dataset-processed/03-03-2560/3220394-1RL/b1/3220394_20170303_before_b1-1_L_01.jpg
Dataset/synth_eye_hard_train/img_21_original.png,Dataset/synth_eye_hard_train/img_21_transformed_0.png,0.9223030314987088,-0.1519801468802633,-0.05755369945803884,0.18897288605466173,0.980793364954402,0.07477969695857323,Dataset/Dataset-processed/03-03-2560/3220394-1RL/b1/3220394_20170303_before_b3-1_L_01.jpg
Dataset/synth_eye_hard_train/img_22_original.png,Dataset/synth_eye_hard_train/img_22_transformed_0.png,0.9045002417048238,0.19513297057569073,-0.07996830407364507,0.07411724106746548,1.137310541674289,0.17814512134537686,Dataset/Dataset-processed/03-03-2560/3220394-1RL/b1/3220394_20170303_after_b3-1_L_01.jpg
Dataset/synth_eye_hard_train/img_23_original.png,Dataset/synth_eye_hard_train/img_23_transformed_0.png,0.8484767887510644,-0.03592599884228931,-0.16652038996922625,0.13685180127927582,1.0066072554340577,-0.023087196225314077,Dataset/Dataset-processed/03-03-2560/3220394-1RL/b1/3220394_20170303_after_b2_L_01.jpg
Dataset/synth_eye_hard_train/img_24_original.png,Dataset/synth_eye_hard_train/img_24_transformed_0.png,1.0043140526003262,-0.03662735251803634,-0.05740034521466317,0.16624669321491464,1.0393002967837155,0.030432077659425932,Dataset/Dataset-processed/03-03-2560/3220394-1RL/b1/3220394_20170303_after_b1_L_01.jpg
Dataset/synth_eye_hard_train/img_25_original.png,Dataset/synth_eye_hard_train/img_25_transformed_0.png,1.1355053380476952,0.08651383001218815,-0.07679019481320247,-0.04350500670770821,0.9083478288278061,0.07835595497461917,Dataset/Dataset-processed/03-03-2560/3220394-1RL/c2/3220394_20170303_after_c2-1_R_01.jpg
Dataset/synth_eye_hard_train/img_26_original.png,Dataset/synth_eye_hard_train/img_26_transformed_0.png,1.121264834755943,-0.0023190007557577774,0.0825082163992929,-0.007771578300398346,1.1868021733502852,-0.06060000626606918,Dataset/Dataset-processed/03-03-2560/3220394-1RL/c2/3220394_20170303_before_c3-1_R_01.jpg
Dataset/synth_eye_hard_train/img_27_original.png,Dataset/synth_eye_hard_train/img_27_transformed_0.png,0.9923493152716464,0.09436315136544571,-0.11242210169781695,-0.06181974673378479,0.9207406447636846,-0.19389573997008913,Dataset/Dataset-processed/03-03-2560/3220394-1RL/c2/3220394_20170303_before_c2_R_01.jpg
Dataset/synth_eye_hard_train/img_28_original.png,Dataset/synth_eye_hard_train/img_28_transformed_0.png,1.1245797621743736,-0.04986097865145425,0.15721688476102702,-0.021546522821522,0.9099233781382277,0.008038886960217845,Dataset/Dataset-processed/03-03-2560/3220394-1RL/c2/3220394_20170303_after_c3_R_01.jpg
Dataset/synth_eye_hard_train/img_29_original.png,Dataset/synth_eye_hard_train/img_29_transformed_0.png,0.8881725748193264,0.08060458191461944,0.18761395249330076,-0.13697591420937205,1.0610302368326003,0.17004043881661396,Dataset/Dataset-processed/03-03-2560/3220394-1RL/c2/3220394_20170303_after_c1_R_01.jpg
Dataset/synth_eye_hard_train/img_30_original.png,Dataset/synth_eye_hard_train/img_30_transformed_0.png,0.8081862232357804,0.08759251332657414,0.16803720789439003,0.11778765413694553,0.8037867848096034,-0.1964614240276552,Dataset/Dataset-processed/03-03-2560/3220394-1RL/c2/3220394_20170303_after_c3-1_R_01.jpg
Dataset/synth_eye_hard_train/img_31_original.png,Dataset/synth_eye_hard_train/img_31_transformed_0.png,0.8692227321889645,0.09545013170526023,0.08242398703722492,0.014506961979589506,1.1307137472012694,0.14681524088739845,Dataset/Dataset-processed/03-03-2560/3220394-1RL/c2/3220394_20170303_before_c1-1_R_01.jpg
Dataset/synth_eye_hard_train/img_32_original.png,Dataset/synth_eye_hard_train/img_32_transformed_0.png,0.96114940463853,-0.09330050115412605,0.033185452290198786,-0.15238443695714954,1.0106209767468173,0.11696250492163335,Dataset/Dataset-processed/03-03-2560/3220394-1RL/c2/3220394_20170303_before_c3_R_01.jpg
Dataset/synth_eye_hard_train/img_33_original.png,Dataset/synth_eye_hard_train/img_33_transformed_0.png,1.007422778256476,-0.10438668363269002,0.08774096441905727,-0.17210232811891846,1.0708828823166179,-0.17468807674190853,Dataset/Dataset-processed/03-03-2560/3220394-1RL/c2/3220394_20170303_after_c1-1_R_01.jpg
Dataset/synth_eye_hard_train/img_34_original.png,Dataset/synth_eye_hard_train/img_34_transformed_0.png,0.9757967926778148,-0.02237310771208248,-0.015686338843552056,-0.13395494767701172,0.9802502758886075,-0.0318026354993699,Dataset/Dataset-processed/03-03-2560/3220394-1RL/c2/3220394_20170303_after_c2_R_01.jpg
Dataset/synth_eye_hard_train/img_35_original.png,Dataset/synth_eye_hard_train/img_35_transformed_0.png,1.0944542154016266,0.06811402592774002,-0.10593480810221854,0.035352424318708525,1.0693362519388965,0.09165773369309682,Dataset/Dataset-processed/03-03-2560/3220394-1RL/c2/3220394_20170303_before_c2-1_R_01.jpg
Dataset/synth_eye_hard_train/img_36_original.png,Dataset/synth_eye_hard_train/img_36_transformed_0.png,1.0430385116597745,0.09018743125270828,-0.09638836125779085,0.15459751905026392,0.9014227147558118,-0.14092295747520628,Dataset/Dataset-processed/03-03-2560/3220394-1RL/c1/3220394_20170303_after_c2_L_01.jpg
Dataset/synth_eye_hard_train/img_37_original.png,Dataset/synth_eye_hard_train/img_37_transformed_0.png,0.9431218591138257,-0.17470038814463137,-0.16391332812247472,0.1135663909287758,0.872829501918528,-0.10492249205268643,Dataset/Dataset-processed/03-03-2560/3220394-1RL/c1/3220394_20170303_after_c1-1_L_01.jpg
Dataset/synth_eye_hard_train/img_38_original.png,Dataset/synth_eye_hard_train/img_38_transformed_0.png,1.119154100168398,0.14195999014936972,0.17672237568024635,0.010549088718131261,0.9957470862994345,-0.03707365267458723,Dataset/Dataset-processed/03-03-2560/3220394-1RL/c1/3220394_20170303_after_c3_L_01.jpg
Dataset/synth_eye_hard_train/img_39_original.png,Dataset/synth_eye_hard_train/img_39_transformed_0.png,1.1447979604959044,0.11388209035056146,0.16884899493873018,-0.19325470470655143,0.9862308269182333,0.11534075380639869,Dataset/Dataset-processed/03-03-2560/3220394-1RL/c1/3220394_20170303_before_c2_L_01.jpg
Dataset/synth_eye_hard_train/img_40_original.png,Dataset/synth_eye_hard_train/img_40_transformed_0.png,0.9359903603946226,0.1350598480658124,-0.19834957413674614,-0.09679085071382341,1.033069224859363,0.056114090452306364,Dataset/Dataset-processed/03-03-2560/3220394-1RL/c1/3220394_20170303_before_c2-1_L_01.jpg
Dataset/synth_eye_hard_train/img_41_original.png,Dataset/synth_eye_hard_train/img_41_transformed_0.png,1.0598269942937806,-0.06672296204894321,0.10372604056552531,-0.14308819313959098,0.934298624716162,-0.09572153646636146,Dataset/Dataset-processed/03-03-2560/3220394-1RL/c1/3220394_20170303_before_c3_L_01.jpg
Dataset/synth_eye_hard_train/img_42_original.png,Dataset/synth_eye_hard_train/img_42_transformed_0.png,0.8270964088472065,-0.13207926642806136,-0.17594665156195136,0.18880643081646248,1.0773052852251865,-0.01812549984293424,Dataset/Dataset-processed/03-03-2560/3220394-1RL/c1/3220394_20170303_after_c3-1_L_01.jpg
Dataset/synth_eye_hard_train/img_43_original.png,Dataset/synth_eye_hard_train/img_43_transformed_0.png,0.9166891187224357,0.06576987234616472,-0.06704925074342638,0.1851230874741705,1.0917276444545012,-0.1769774942609349,Dataset/Dataset-processed/03-03-2560/3220394-1RL/c1/3220394_20170303_before_c1_L_01.jpg
Dataset/synth_eye_hard_train/img_44_original.png,Dataset/synth_eye_hard_train/img_44_transformed_0.png,0.8710376881383759,0.11860065944101361,0.05011328962719663,0.039211099088762774,0.98763777710029,-0.0360880806123082,Dataset/Dataset-processed/03-03-2560/3220394-1RL/c1/3220394_20170303_before_c3-1_L_01.jpg
Dataset/synth_eye_hard_train/img_45_original.png,Dataset/synth_eye_hard_train/img_45_transformed_0.png,1.1778280293386594,-0.01864426017998272,-0.05325288925882185,-0.18741652801984798,0.8411831494241508,-0.11252475147087836,Dataset/Dataset-processed/03-03-2560/3220394-1RL/c1/3220394_20170303_after_c1_L_01.jpg
Dataset/synth_eye_hard_train/img_46_original.png,Dataset/synth_eye_hard_train/img_46_transformed_0.png,0.8639510958882702,-0.09199211394998019,-0.06873259188605477,0.0561635101299357,1.1535839015954026,-0.17101408302436108,Dataset/Dataset-processed/03-03-2560/3220394-1RL/c1/3220394_20170303_before_c1-1_L_01.jpg
Dataset/synth_eye_hard_train/img_47_original.png,Dataset/synth_eye_hard_train/img_47_transformed_0.png,0.8860510902376526,0.15884238733620004,-0.04382160338885441,0.1682983651897122,0.8053256441987352,0.05899693103300452,Dataset/Dataset-processed/03-03-2560/3220394-1RL/b2/3220394_20170303_after_b2-1_R_01.jpg
Dataset/synth_eye_hard_train/img_48_original.png,Dataset/synth_eye_hard_train/img_48_transformed_0.png,1.133973174587363,-0.15001687288108362,0.051293530124953024,-0.12959569956965244,1.1697950784800666,0.19612236676639128,Dataset/Dataset-processed/03-03-2560/3220394-1RL/b2/3220394_20170303_before_b1-1_R_01.jpg
Dataset/synth_eye_hard_train/img_49_original.png,Dataset/synth_eye_hard_train/img_49_transformed_0.png,1.0342711674920968,-0.020306519056654537,-0.04527152521742486,0.05165649508075304,1.1647109222040617,-0.12758591565881805,Dataset/Dataset-processed/03-03-2560/3220394-1RL/b2/3220394_20170303_after_b2_R_01.jpg
Dataset/synth_eye_hard_train/img_50_original.png,Dataset/synth_eye_hard_train/img_50_transformed_0.png,1.1058870435626285,-0.12532852170103537,-0.0729348061226128,-0.14740202259873275,1.1579752499538607,-0.07508769179762842,Dataset/Dataset-processed/03-03-2560/3220394-1RL/b2/3220394_20170303_after_b3-1_R_01.jpg
Dataset/synth_eye_hard_train/img_51_original.png,Dataset/synth_eye_hard_train/img_51_transformed_0.png,1.1944491838169664,-0.14409978084545427,0.022764783440143793,-0.1462632685824249,1.039046017330146,0.006379021578692606,Dataset/Dataset-processed/03-03-2560/3220394-1RL/b2/3220394_20170303_before_b2_R_01.jpg
Dataset/synth_eye_hard_train/img_52_original.png,Dataset/synth_eye_hard_train/img_52_transformed_0.png,0.8114669540619976,-0.03381381602838909,-0.12221363834894779,-0.10717245602260679,1.0016362339126645,0.123263393273422,Dataset/Dataset-processed/03-03-2560/3220394-1RL/b2/3220394_20170303_before_b3-1_R_01.jpg
Dataset/synth_eye_hard_train/img_53_original.png,Dataset/synth_eye_hard_train/img_53_transformed_0.png,0.8015215644657258,-0.053763036483125554,-0.12621426491306664,-0.16279982029165183,0.9744543978895985,0.18584005430557266,Dataset/Dataset-processed/03-03-2560/3220394-1RL/b2/3220394_20170303_after_b1_R_01.jpg
Dataset/synth_eye_hard_train/img_54_original.png,Dataset/synth_eye_hard_train/img_54_transformed_0.png,1.0451240533617834,0.04472651987078957,0.05727816206035702,0.10144396391098781,0.9061618790283094,0.04824798889910059,Dataset/Dataset-processed/03-03-2560/3220394-1RL/b2/3220394_20170303_after_b1-1_R_01.jpg
Dataset/synth_eye_hard_train/img_55_original.png,Dataset/synth_eye_hard_train/img_55_transformed_0.png,1.0613770198891772,0.08860346035806621,0.17562074315661363,0.06584060059579455,0.8933184954195695,-0.10110070242064206,Dataset/Dataset-processed/03-03-2560/3220394-1RL/b2/3220394_20170303_before_b1_R_01.jpg
Dataset/synth_eye_hard_train/img_56_original.png,Dataset/synth_eye_hard_train/img_56_transformed_0.png,1.1169426985222066,-0.08997703974634592,-0.08089667347033874,-0.04362936455033836,1.0077408907301166,0.17638942976672495,Dataset/Dataset-processed/03-03-2560/3220394-1RL/b2/3220394_20170303_before_b2-1_R_01.jpg
Dataset/synth_eye_hard_train/img_57_original.png,Dataset/synth_eye_hard_train/img_57_transformed_0.png,0.9612949506682277,-0.0965467203072235,-0.07075292115012086,0.10943321885613261,0.9109183904576436,0.00027764423089923773,Dataset/Dataset-processed/03-03-2560/3220394-1RL/b2/3220394_20170303_after_b3_R_01.jpg
Dataset/synth_eye_hard_train/img_58_original.png,Dataset/synth_eye_hard_train/img_58_transformed_0.png,1.048847140829248,0.0325576978464516,0.14133389178315758,0.19136879871728246,0.9065230853757416,0.06652209446902663,Dataset/Dataset-processed/03-03-2560/1790390-1R/b/1790390_20170303_before_b3.jpg
Dataset/synth_eye_hard_train/img_59_original.png,Dataset/synth_eye_hard_train/img_59_transformed_0.png,0.8931202117939354,-0.14091594401084007,0.08460762303682234,0.1664336184280752,1.1386270010548916,-0.019544557139908436,Dataset/Dataset-processed/03-03-2560/1790390-1R/b/1790390_20170303_after_b2-1.jpg
Dataset/synth_eye_hard_train/img_60_original.png,Dataset/synth_eye_hard_train/img_60_transformed_0.png,0.99112551675827,-0.07608886718355841,0.12235219250577012,0.04816315106623925,0.8544067618347606,-0.1499772684446412,Dataset/Dataset-processed/03-03-2560/1790390-1R/b/1790390_20170303_before_b3-1.jpg
Dataset/synth_eye_hard_train/img_61_original.png,Dataset/synth_eye_hard_train/img_61_transformed_0.png,1.178509643386014,-0.08472912927552817,-0.051924989067532845,0.18716594345490756,0.8327846769417891,-0.15006171261556897,Dataset/Dataset-processed/03-03-2560/1790390-1R/b/1790390_20170303_before_b1.jpg
Dataset/synth_eye_hard_train/img_62_original.png,Dataset/synth_eye_hard_train/img_62_transformed_0.png,1.087127220422139,-0.18926850259540787,0.1077174338705128,-0.005161553455562906,1.0111429101236504,-0.007224592679441366,Dataset/Dataset-processed/03-03-2560/1790390-1R/b/1790390_20170303_before_b1-1.jpg
Dataset/synth_eye_hard_train/img_63_original.png,Dataset/synth_eye_hard_train/img_63_transformed_0.png,0.8094202256465832,-0.0004000127499853845,0.10029560614737026,-0.1884282666412822,1.0134062796295447,-0.1475286244569151,Dataset/Dataset-processed/03-03-2560/1790390-1R/b/1790390_20170303_after_b3-1.jpg
Dataset/synth_eye_hard_train/img_64_original.png,Dataset/synth_eye_hard_train/img_64_transformed_0.png,1.0265713445109828,-0.10498876657580523,-0.009138374965995538,-0.054353690176079356,0.9019365652266536,0.042372929231907136,Dataset/Dataset-processed/03-03-2560/1790390-1R/b/1790390_20170303_before_b2.jpg
Dataset/synth_eye_hard_train/img_65_original.png,Dataset/synth_eye_hard_train/img_65_transformed_0.png,0.9836251542312389,0.17162900138347376,-0.041553476990241534,-0.05778853735779205,1.1815055448970924,-0.17838209755171552,Dataset/Dataset-processed/03-03-2560/1790390-1R/b/1790390_20170303_after_b2.jpg
Dataset/synth_eye_hard_train/img_66_original.png,Dataset/synth_eye_hard_train/img_66_transformed_0.png,0.9612724288968368,0.11601968961778403,-0.03986781793215033,-0.07357066813084945,0.85199394252704,0.043033999005149454,Dataset/Dataset-processed/03-03-2560/1790390-1R/b/1790390_20170303_after_b3.jpg
Dataset/synth_eye_hard_train/img_67_original.png,Dataset/synth_eye_hard_train/img_67_transformed_0.png,0.9385226292778501,-0.057913902077266516,0.005510088657246948,0.09020766758890308,1.0586267700400254,-0.14784847441321003,Dataset/Dataset-processed/03-03-2560/1790390-1R/b/1790390_20170303_after_b1-1.jpg
Dataset/synth_eye_hard_train/img_68_original.png,Dataset/synth_eye_hard_train/img_68_transformed_0.png,0.8051908950951161,0.1977516303478728,-0.009928477801790736,0.030145162422369032,1.1273134145522392,0.15932218327050435,Dataset/Dataset-processed/03-03-2560/1790390-1R/b/1790390_20170303_after_b1.jpg
Dataset/synth_eye_hard_train/img_69_original.png,Dataset/synth_eye_hard_train/img_69_transformed_0.png,0.8613064567015846,-0.1796195090019427,-0.053792581138778994,-0.16457863522965735,0.8547078646049897,-0.02708946110899957,Dataset/Dataset-processed/03-03-2560/1790390-1R/c/1790390_20170303_before_c2-1.jpg
Dataset/synth_eye_hard_train/img_70_original.png,Dataset/synth_eye_hard_train/img_70_transformed_0.png,1.1666714450225446,-0.1170146277291778,-0.01071625671814691,0.08045201439558786,0.8840768041542637,0.11643976796544725,Dataset/Dataset-processed/03-03-2560/1790390-1R/c/1790390_20170303_after_c2-1.jpg
Dataset/synth_eye_hard_train/img_71_original.png,Dataset/synth_eye_hard_train/img_71_transformed_0.png,0.9235581992299713,0.13162853828627674,-0.19971140410817645,-0.08283247983953648,0.8585211717888368,0.16335143514519979,Dataset/Dataset-processed/03-03-2560/1790390-1R/c/1790390_20170303_after_c1.jpg
Dataset/synth_eye_hard_train/img_72_original.png,Dataset/synth_eye_hard_train/img_72_transformed_0.png,1.003681432992227,-0.18052227952910666,0.10826720207237889,-0.18584461452860915,0.9626994652353971,-0.028733765942513895,Dataset/Dataset-processed/03-03-2560/1790390-1R/c/1790390_20170303_after_c2.jpg
Dataset/synth_eye_hard_train/img_73_original.png,Dataset/synth_eye_hard_train/img_73_transformed_0.png,0.899694517697818,-0.1659433416089542,-0.04067378661524926,-0.011668656547047046,0.9041983061940554,-0.1470189994878847,Dataset/Dataset-processed/03-03-2560/1790390-1R/c/1790390_20170303_before_c3.jpg
Dataset/synth_eye_hard_train/img_74_original.png,Dataset/synth_eye_hard_train/img_74_transformed_0.png,0.8337235883525541,-0.09760355248984176,0.14320654006845085,-0.1863082445453267,0.8901340672095965,0.14888879528914128,Dataset/Dataset-processed/03-03-2560/1790390-1R/c/1790390_20170303_before_c2.jpg
Dataset/synth_eye_hard_train/img_75_original.png,Dataset/synth_eye_hard_train/img_75_transformed_0.png,0.9960665921429996,0.18207811352329384,-0.1902914513449403,-0.016416049159305418,1.1319402778211052,-0.18130464628939746,Dataset/Dataset-processed/03-03-2560/1790390-1R/c/1790390_20170303_before_c1-1.jpg
Dataset/synth_eye_hard_train/img_76_original.png,Dataset/synth_eye_hard_train/img_76_transformed_0.png,0.8597143576104896,-0.06689369430851269,0.13556082209872478,0.18652004140903872,0.8808336998538725,-0.17795975908734338,Dataset/Dataset-processed/03-03-2560/1790390-1R/c/1790390_20170303_after_c3-1.jpg
Dataset/synth_eye_hard_train/img_77_original.png,Dataset/synth_eye_hard_train/img_77_transformed_0.png,0.9894276818606991,-0.16455710077173258,0.11839873219948999,-0.1714376264011937,0.8819772232001023,0.10731362346694301,Dataset/Dataset-processed/03-03-2560/1790390-1R/c/1790390_20170303_before_c1.jpg
Dataset/synth_eye_hard_train/img_78_original.png,Dataset/synth_eye_hard_train/img_78_transformed_0.png,1.0044730735842768,-0.0004963010652431765,-0.1198173026354338,0.021956515679001726,0.8379320579534325,-0.1334954387366564,Dataset/Dataset-processed/03-03-2560/1790390-1R/c/1790390_20170303_after_c1-1.jpg
Dataset/synth_eye_hard_train/img_79_original.png,Dataset/synth_eye_hard_train/img_79_transformed_0.png,0.9112581239258342,-0.04465787115290776,-0.053229697254281366,-0.13732160985285546,0.8344972839130813,-0.18429421378941166,Dataset/Dataset-processed/03-03-2560/1387253-1R/b/1387253_20170303_after_b2.jpg
Dataset/synth_eye_hard_train/img_80_original.png,Dataset/synth_eye_hard_train/img_80_transformed_0.png,0.834100529325383,-0.017933355911557314,-0.11301037441326717,-0.01340178022282118,1.1969707784582861,0.002501397685358564,Dataset/Dataset-processed/03-03-2560/1387253-1R/b/1387253_20170303_before_b2-1.jpg
Dataset/synth_eye_hard_train/img_81_original.png,Dataset/synth_eye_hard_train/img_81_transformed_0.png,0.8057617195097667,-0.04404395235167402,0.057132756657966466,0.16871993751814413,0.8746789805228387,0.10208904879574615,Dataset/Dataset-processed/03-03-2560/1387253-1R/b/1387253_20170303_before_b2.jpg
Dataset/synth_eye_hard_train/img_82_original.png,Dataset/synth_eye_hard_train/img_82_transformed_0.png,1.1673006027286392,-0.04655495793287465,0.18427903237637755,-0.1253350243254654,1.1497735780776512,-0.19492026954092445,Dataset/Dataset-processed/03-03-2560/1387253-1R/b/1387253_20170303_before_b1-1.jpg
Dataset/synth_eye_hard_train/img_83_original.png,Dataset/synth_eye_hard_train/img_83_transformed_0.png,1.107489001859431,-0.14700364695080262,-0.15255753593499938,-0.06581999360061414,1.0871844774209505,0.044101148618756,Dataset/Dataset-processed/03-03-2560/1387253-1R/b/1387253_20170303_before_b1.jpg
Dataset/synth_eye_hard_train/img_84_original.png,Dataset/synth_eye_hard_train/img_84_transformed_0.png,1.1242533957637295,0.08163092300592673,-0.0648830432755585,-0.04865783128344395,0.8333382829073442,0.049908520746725055,Dataset/Dataset-processed/03-03-2560/1387253-1R/b/1387253_20170303_before_b3.jpg
Dataset/synth_eye_hard_train/img_85_original.png,Dataset/synth_eye_hard_train/img_85_transformed_0.png,0.9338822565737381,-0.006174357536577524,0.1793553729436574,-0.1041868360576085,0.8700643614445143,0.15861023144340836,Dataset/Dataset-processed/03-03-2560/1387253-1R/b/1387253_20170303_before_b3-1.jpg
Dataset/synth_eye_hard_train/img_86_original.png,Dataset/synth_eye_hard_train/img_86_transformed_0.png,1.0356126473421996,0.0572434437794177,0.16283834708239436,-0.15249210601240593,1.1342823509691877,-0.014003304657719262,Dataset/Dataset-processed/03-03-2560/1387253-1R/b/1387253_20170303_after_b1.jpg
Dataset/synth_eye_hard_train/img_87_original.png,Dataset/synth_eye_hard_train/img_87_transformed_0.png,0.8449242358758509,-0.18153757199826148,-0.08475474564373764,-0.05663343484459912,1.1747158098340047,-0.13511828304518453,Dataset/Dataset-processed/03-03-2560/1387253-1R/c/1387253_20170303_before_c1.jpg
Dataset/synth_eye_hard_train/img_88_original.png,Dataset/synth_eye_hard_train/img_88_transformed_0.png,0.9551150531521437,-0.12099038259575426,0.10497740008727247,0.17924366150047594,0.9969397840492653,-0.0452199865238021,Dataset/Dataset-processed/03-03-2560/1387253-1R/c/1387253_20170303_before_c2-1.jpg
Dataset/synth_eye_hard_train/img_89_original.png,Dataset/synth_eye_hard_train/img_89_transformed_0.png,1.1773055165322968,0.04676475790805959,-0.14487714701834153,-0.10456321051731826,0.956229406547715,0.14188545037518668,Dataset/Dataset-processed/03-03-2560/1387253-1R/c/1387253_20170303_before_c1-1.jpg
Dataset/synth_eye_hard_train/img_90_original.png,Dataset/synth_eye_hard_train/img_90_transformed_0.png,1.1365222608061367,0.048714574692539925,-0.07573858086302235,0.12995584380681535,0.9966907877631819,-0.11867217292574367,Dataset/Dataset-processed/03-03-2560/1387253-1R/c/1387253_20170303_after_c1.jpg
Dataset/synth_eye_hard_train/img_91_original.png,Dataset/synth_eye_hard_train/img_91_transformed_0.png,1.1082700874797557,-0.16944100423712474,0.028162574443185318,-0.1841716678753286,0.9697077382279498,-0.024572983630863632,Dataset/Dataset-processed/03-03-2560/1387253-1R/c/1387253_20170303_after_c2.jpg
Dataset/synth_eye_hard_train/img_92_original.png,Dataset/synth_eye_hard_train/img_92_transformed_0.png,0.9325029503751918,-0.1647045077658628,-0.06169852364411496,-0.07135456365380347,0.9887486406037909,-0.1032107941950598,Dataset/Dataset-processed/03-03-2560/1387253-1R/c/1387253_20170303_after_c3.jpg
Dataset/synth_eye_hard_train/img_93_original.png,Dataset/synth_eye_hard_train/img_93_transformed_0.png,0.8095011108347813,-0.1861880044725593,-0.16057004230846483,0.13920114645487408,0.9442409743315394,-0.02163138537826742,Dataset/Dataset-processed/03-03-2560/1387253-1R/c/1387253_20170303_before_c3.jpg
Dataset/synth_eye_hard_train/img_94_original.png,Dataset/synth_eye_hard_train/img_94_transformed_0.png,0.8127553191990802,-0.03200729612289871,0.09008884779793169,-0.14107303813342353,1.142987261121973,-0.03677471450623812,Dataset/Dataset-processed/03-03-2560/3786536-1RL/b1/3786536_20170303_before_b1_L_01.jpg
Dataset/synth_eye_hard_train/img_95_original.png,Dataset/synth_eye_hard_train/img_95_transformed_0.png,0.9667844669444873,0.02974578774706718,-0.12452905796261193,-0.16795009958325335,1.1227972777214168,0.1662404117286575,Dataset/Dataset-processed/03-03-2560/3786536-1RL/b1/3786536_20170303_before_b3-1_L_01.jpg
Dataset/synth_eye_hard_train/img_96_original.png,Dataset/synth_eye_hard_train/img_96_transformed_0.png,0.8447903762386132,-0.09491952198788925,-0.013477883019908543,0.18608616990235366,0.9971208032642354,0.14576995170841867,Dataset/Dataset-processed/03-03-2560/3786536-1RL/b1/3786536_20170303_before_b2-1_L_01.jpg
Dataset/synth_eye_hard_train/img_97_original.png,Dataset/synth_eye_hard_train/img_97_transformed_0.png,1.176978303582706,0.19378045413371725,-0.03846048018508408,0.031259114107292124,1.0100852820639672,-0.07905260831036896,Dataset/Dataset-processed/03-03-2560/3786536-1RL/b1/3786536_20170303_before_b1-1_L_01.jpg
Dataset/synth_eye_hard_train/img_98_original.png,Dataset/synth_eye_hard_train/img_98_transformed_0.png,1.1032734065226084,-0.13989968198259134,0.12327702781355432,-0.050749025564657074,1.1973920110149798,0.1881020056439759,Dataset/Dataset-processed/03-03-2560/3786536-1RL/b1/3786536_20170303_before_b3_L_01.jpg
Dataset/synth_eye_hard_train/img_99_original.png,Dataset/synth_eye_hard_train/img_99_transformed_0.png,0.8103340607595411,0.05864099611465268,-0.004815918834149169,0.16075934964634514,1.0033624986225893,-0.17392158950989145,Dataset/Dataset-processed/03-03-2560/3786536-1RL/c2/3786536_20170303_before_c2_R_01.jpg
Dataset/synth_eye_hard_train/img_100_original.png,Dataset/synth_eye_hard_train/img_100_transformed_0.png,0.9055440722786601,-0.07096122399367388,0.15033585194210425,0.10007722294768223,1.1127208966489028,-0.12677283321560187,Dataset/Dataset-processed/03-03-2560/3786536-1RL/c2/3786536_20170303_after_c1_R_01.jpg
Dataset/synth_eye_hard_train/img_101_original.png,Dataset/synth_eye_hard_train/img_101_transformed_0.png,1.0464644159386176,-0.10683475425376635,0.05252030044190642,-0.15253412217599338,0.9333442823515684,-0.03365117070435003,Dataset/Dataset-processed/03-03-2560/3786536-1RL/c2/3786536_20170303_before_c1-1_R_01.jpg
Dataset/synth_eye_hard_train/img_102_original.png,Dataset/synth_eye_hard_train/img_102_transformed_0.png,1.0812672153944645,-0.049657082980909095,-0.13183816438925494,-0.14522800228323351,0.9938802518634486,-0.10691025116174609,Dataset/Dataset-processed/03-03-2560/3786536-1RL/c2/3786536_20170303_before_c3-1_R_01.jpg
Dataset/synth_eye_hard_train/img_103_original.png,Dataset/synth_eye_hard_train/img_103_transformed_0.png,0.8254724394608717,0.023795492778553834,0.13776298915548413,0.09762070403549616,0.9719173773745708,-0.18083590170010583,Dataset/Dataset-processed/03-03-2560/3786536-1RL/c2/3786536_20170303_before_c2-1_R_01.jpg
Dataset/synth_eye_hard_train/img_104_original.png,Dataset/synth_eye_hard_train/img_104_transformed_0.png,0.8119499065623687,0.19925942630766386,0.1761450778148707,-0.0799110588123881,1.0141964842773532,-0.19380099012017601,Dataset/Dataset-processed/03-03-2560/3786536-1RL/c2/3786536_20170303_after_c2-1_R_01.jpg
Dataset/synth_eye_hard_train/img_105_original.png,Dataset/synth_eye_hard_train/img_105_transformed_0.png,0.9702435382552158,-0.1504258358165904,0.0991560961649694,0.1411489545683155,0.8059371097041751,0.10745971633408752,Dataset/Dataset-processed/03-03-2560/3786536-1RL/c2/3786536_20170303_before_c1_R_01.jpg
Dataset/synth_eye_hard_train/img_106_original.png,Dataset/synth_eye_hard_train/img_106_transformed_0.png,0.8386531899258385,-0.06062486783225682,0.07410926780500338,-0.02314416779205311,0.9749026985930284,0.1965725459973463,Dataset/Dataset-processed/03-03-2560/3786536-1RL/c2/3786536_20170303_after_c2_R_01.jpg
Dataset/synth_eye_hard_train/img_107_original.png,Dataset/synth_eye_hard_train/img_107_transformed_0.png,0.8046119169693506,0.12837925902474712,-0.04201022820424788,-0.05938972338653911,0.8684760935766249,-0.1595299373943027,Dataset/Dataset-processed/03-03-2560/3786536-1RL/c2/3786536_20170303_after_c3_R_01.jpg
Dataset/synth_eye_hard_train/img_108_original.png,Dataset/synth_eye_hard_train/img_108_transformed_0.png,0.8238523656769616,-0.04665530978967308,0.1632289020220919,0.0670195468217295,1.07728478873244,0.17821922279476632,Dataset/Dataset-processed/03-03-2560/3786536-1RL/c2/3786536_20170303_before_c3_R_01.jpg
Dataset/synth_eye_hard_train/img_109_original.png,Dataset/synth_eye_hard_train/img_109_transformed_0.png,0.9509338811302618,0.19504337466660976,-0.15702575346187433,0.11996892283113442,1.136381190650376,0.056697272020361456,Dataset/Dataset-processed/03-03-2560/3786536-1RL/c2/3786536_20170303_after_c3-1_R_01.jpg
Dataset/synth_eye_hard_train/img_110_original.png,Dataset/synth_eye_hard_train/img_110_transformed_0.png,0.9576853644480223,-0.07817695332625987,-0.03892177939538216,-0.047468787528227224,1.1518783816620672,0.15309416029293182,Dataset/Dataset-processed/03-03-2560/3786536-1RL/c1/3786536_20170303_before_c1-1_L_01.jpg
Dataset/synth_eye_hard_train/img_111_original.png,Dataset/synth_eye_hard_train/img_111_transformed_0.png,1.1306718033421403,0.031879251369304196,-0.13039754980014379,0.16727312154103324,0.8219589088368203,0.01372066702421143,Dataset/Dataset-processed/03-03-2560/3786536-1RL/c1/3786536_20170303_before_c2_L_01.jpg
Dataset/synth_eye_hard_train/img_112_original.png,Dataset/synth_eye_hard_train/img_112_transformed_0.png,1.0749775873930996,-0.1210980033571191,0.008696995197699453,-0.09930536380746809,1.199102685952396,-0.034139978425483164,Dataset/Dataset-processed/03-03-2560/3786536-1RL/c1/3786536_20170303_before_c1_L_01.jpg
Dataset/synth_eye_hard_train/img_113_original.png,Dataset/synth_eye_hard_train/img_113_transformed_0.png,1.1611207018311567,-0.007560120720162711,-0.00661601509703319,-0.12417890704362354,0.9804548447814414,0.013878396572574336,Dataset/Dataset-processed/03-03-2560/3786536-1RL/c1/3786536_20170303_before_c3_L_01.jpg
Dataset/synth_eye_hard_train/img_114_original.png,Dataset/synth_eye_hard_train/img_114_transformed_0.png,0.9837014174546497,0.13550302003204595,-0.04888747538560598,0.15571023464947142,0.9176260649240661,-0.020106231962397775,Dataset/Dataset-processed/03-03-2560/3786536-1RL/c1/3786536_20170303_before_c2-1_L_01.jpg
Dataset/synth_eye_hard_train/img_115_original.png,Dataset/synth_eye_hard_train/img_115_transformed_0.png,0.8380739664164433,0.05931964044897908,0.016112656251562163,0.10749736219073941,1.0198644974239437,0.07656005823228551,Dataset/Dataset-processed/03-03-2560/3786536-1RL/b2/3786536_20170303_after_b2-1_R_01.jpg
Dataset/synth_eye_hard_train/img_116_original.png,Dataset/synth_eye_hard_train/img_116_transformed_0.png,1.0266123833202938,0.03002677552839539,0.1987647869350485,0.07378796563604928,1.0668574041904595,0.11965055481768133,Dataset/Dataset-processed/03-03-2560/3786536-1RL/b2/3786536_20170303_after_b1_R_01.jpg
Dataset/synth_eye_hard_train/img_117_original.png,Dataset/synth_eye_hard_train/img_117_transformed_0.png,0.9076707082581359,-0.16576458014009088,0.1544785675411131,0.03594450803093138,1.1512034360375591,0.09581948819463804,Dataset/Dataset-processed/03-03-2560/3786536-1RL/b2/3786536_20170303_before_b2-1_R_01.jpg
Dataset/synth_eye_hard_train/img_118_original.png,Dataset/synth_eye_hard_train/img_118_transformed_0.png,0.971569054956819,-0.16897678733972252,0.051356388415866816,0.17622172573586936,1.0997456982518252,-0.10184147681851999,Dataset/Dataset-processed/03-03-2560/3786536-1RL/b2/3786536_20170303_after_b1-1_R_01.jpg
Dataset/synth_eye_hard_train/img_119_original.png,Dataset/synth_eye_hard_train/img_119_transformed_0.png,0.8698649276751925,0.013305476341712641,-0.07402862850557304,-0.021104692238648914,1.127169134686853,-0.12270786034955648,Dataset/Dataset-processed/03-03-2560/3786536-1RL/b2/3786536_20170303_after_b2_R_01.jpg
Dataset/synth_eye_hard_train/img_120_original.png,Dataset/synth_eye_hard_train/img_120_transformed_0.png,0.8003380129949951,-0.1133554059821996,0.14809630494772924,-0.12717007103661027,0.8082232879016739,0.1959864898396504,Dataset/Dataset-processed/03-03-2560/3786536-1RL/b2/3786536_20170303_before_b1-1_R_01.jpg
Dataset/synth_eye_hard_train/img_121_original.png,Dataset/synth_eye_hard_train/img_121_transformed_0.png,0.9925400298923324,0.005670343052798538,-0.07975459770171166,-0.05130083599380186,1.1411211718480732,0.18098032536146186,Dataset/Dataset-processed/03-03-2560/3786536-1RL/b2/3786536_20170303_after_b3-1_R_01.jpg
Dataset/synth_eye_hard_train/img_122_original.png,Dataset/synth_eye_hard_train/img_122_transformed_0.png,0.8670441391102449,-0.025492653100421758,0.00895857071566572,-0.10996069448460043,1.109604971554677,0.03662973269667441,Dataset/Dataset-processed/03-03-2560/3786536-1RL/b2/3786536_20170303_after_b3_R_01.jpg
Dataset/synth_eye_hard_train/img_123_original.png,Dataset/synth_eye_hard_train/img_123_transformed_0.png,0.9401310641417051,-0.16816315957273256,-0.05797376891680628,0.11885241311656108,0.9144137863710111,0.18878083077669322,Dataset/Dataset-processed/03-03-2560/3786536-1RL/b2/3786536_20170303_before_b2_R_01.jpg
Dataset/synth_eye_hard_train/img_124_original.png,Dataset/synth_eye_hard_train/img_124_transformed_0.png,1.1366186006182262,-0.039096483707262764,-0.0007349269491959964,-0.05993624033639047,1.0900110033813792,0.1059326037965655,Dataset/Dataset-processed/03-03-2560/3786536-1RL/b2/3786536_20170303_before_b3_R_01.jpg
Dataset/synth_eye_hard_train/img_125_original.png,Dataset/synth_eye_hard_train/img_125_transformed_0.png,1.0813339427315114,-0.149025792679259,0.1824749269282972,-0.12421638022994914,1.077924944378459,-0.16656914944503845,Dataset/Dataset-processed/03-03-2560/3786536-1RL/b2/3786536_20170303_before_b1_R_01.jpg
Dataset/synth_eye_hard_train/img_126_original.png,Dataset/synth_eye_hard_train/img_126_transformed_0.png,1.1907300404356242,0.1331141633934681,-0.10973276781025657,-0.15381029983229794,1.0692725581859115,-0.0498234452400145,Dataset/Dataset-processed/06-10-2560/b1/01102560_4.jpg
Dataset/synth_eye_hard_train/img_127_original.png,Dataset/synth_eye_hard_train/img_127_transformed_0.png,1.1530498975084411,-0.01898915807108298,0.09702771777975094,0.1696329007164974,0.8526227033616182,-0.0006272332238335676,Dataset/Dataset-processed/06-10-2560/b1/17092560_2.jpg
Dataset/synth_eye_hard_train/img_128_original.png,Dataset/synth_eye_hard_train/img_128_transformed_0.png,0.9213885056445961,0.10905813103397272,-0.10257084876816497,-0.16422919772248662,0.8862086820222935,-0.16024283796266642,Dataset/Dataset-processed/06-10-2560/c1/17092560_3.jpg
Dataset/synth_eye_hard_train/img_129_original.png,Dataset/synth_eye_hard_train/img_129_transformed_0.png,1.191326443945591,0.05665112574551945,0.05811981485892809,-0.1994104322007509,1.1022850405332623,0.044948452502506925,Dataset/Dataset-processed/06-10-2560/c1/R3.jpg
Dataset/synth_eye_hard_train/img_130_original.png,Dataset/synth_eye_hard_train/img_130_transformed_0.png,1.1999140012700928,-0.02463477509794426,-0.02296408879661843,0.15821825178602483,1.1397379674465338,-0.07846181505890795,Dataset/Dataset-processed/06-10-2560/b2/17092560_5.jpg
Dataset/synth_eye_hard_train/img_131_original.png,Dataset/synth_eye_hard_train/img_131_transformed_0.png,1.1685516749669114,0.1594767610774953,0.16485881135828157,0.02356694178586699,1.1456541512924203,-0.12073621154365731,Dataset/Dataset-processed/02-12-2559/3609798/b/3609798_20161202_b3.jpg
Dataset/synth_eye_hard_train/img_132_original.png,Dataset/synth_eye_hard_train/img_132_transformed_0.png,0.9212168796621474,-0.04867115897126287,0.10461700606450924,-0.15059522318005647,0.9852461336689088,-0.027593218888054022,Dataset/Dataset-processed/02-12-2559/3609798/b/3609798_20161202_b2.jpg
Dataset/synth_eye_hard_train/img_133_original.png,Dataset/synth_eye_hard_train/img_133_transformed_0.png,1.1014346894274893,-0.1786024185266129,0.10072675684308002,-0.030976157621803363,0.8975483792046886,-0.07886071047764816,Dataset/Dataset-processed/02-12-2559/3609798/b/3609798_20161202_b1.jpg
Dataset/synth_eye_hard_train/img_134_original.png,Dataset/synth_eye_hard_train/img_134_transformed_0.png,1.1213041181113785,0.037471686011975425,-0.09575051950626508,0.07026651246638005,1.1485286624560715,-0.19025095166499462,Dataset/Dataset-processed/02-12-2559/3609798/c/3609798_20161202_c3.jpg
Dataset/synth_eye_hard_train/img_135_original.png,Dataset/synth_eye_hard_train/img_135_transformed_0.png,0.9914237214597952,-0.016333362853309996,0.06459698329357083,0.12531098443097716,0.8358455588069541,0.1529200042397097,Dataset/Dataset-processed/02-12-2559/3609798/c/3609798_20161202_c2.jpg
Dataset/synth_eye_hard_train/img_136_original.png,Dataset/synth_eye_hard_train/img_136_transformed_0.png,1.06628640457313,0.06611194294292072,0.15598200189313305,0.15342247767707823,1.0517371923850727,0.12387301925900546,Dataset/Dataset-processed/02-12-2559/2964006/b/2964006_20161202_b3.jpg
Dataset/synth_eye_hard_train/img_137_original.png,Dataset/synth_eye_hard_train/img_137_transformed_0.png,1.0446088011351438,-0.0036675140439788034,0.1261010205431265,-0.07576214961985284,0.8618462678386459,0.14802842387921772,Dataset/Dataset-processed/02-12-2559/2964006/b/2964006_20161202_b2.jpg
Dataset/synth_eye_hard_train/img_138_original.png,Dataset/synth_eye_hard_train/img_138_transformed_0.png,0.9123295345075969,0.10048581937608969,0.1973349777371165,0.03222862370292154,0.852477272964751,0.10791779296898008,Dataset/Dataset-processed/02-12-2559/2964006/c/2964006_20161202_c3.jpg
Dataset/synth_eye_hard_train/img_139_original.png,Dataset/synth_eye_hard_train/img_139_transformed_0.png,0.8936092515170853,-0.03864295159203396,-0.10596363803985445,0.17824803851800308,0.8639720377996197,-0.17215674608099324,Dataset/Dataset-processed/02-12-2559/2964006/c/2964006_20161202_c1.jpg
Dataset/synth_eye_hard_train/img_140_original.png,Dataset/synth_eye_hard_train/img_140_transformed_0.png,1.0021170005878164,-0.16300489352264044,-0.1779268886789015,0.18784383262603205,1.1640607554658557,0.049563444612282126,Dataset/Dataset-processed/02-12-2559/3375737/b/3375737_20161202_b2.jpg
Dataset/synth_eye_hard_train/img_141_original.png,Dataset/synth_eye_hard_train/img_141_transformed_0.png,1.0413745298851849,0.014406053844496253,-0.012790465230416492,-0.10070563984408874,0.8852450174765689,0.11679291647752821,Dataset/Dataset-processed/02-12-2559/3375737/b/3375737_20161202_b1.jpg
Dataset/synth_eye_hard_train/img_142_original.png,Dataset/synth_eye_hard_train/img_142_transformed_0.png,0.8845230150465975,0.15490135754698453,-0.06738627277842676,-0.1610229267747073,1.073640759090239,0.022194114651895275,Dataset/Dataset-processed/02-12-2559/3375737/c/3375737_20161202_c2.jpg
Dataset/synth_eye_hard_train/img_143_original.png,Dataset/synth_eye_hard_train/img_143_transformed_0.png,0.9748930403823122,0.19191880822891977,-0.12173189117612973,-0.0015944004742211304,1.1957699501913683,0.07185971644603201,Dataset/Dataset-processed/02-12-2559/3375737/c/3375737_20161202_c1.jpg
Dataset/synth_eye_hard_train/img_144_original.png,Dataset/synth_eye_hard_train/img_144_transformed_0.png,1.18403647815273,0.18205213709600093,0.03138361218518493,0.10611575633956222,1.0388607663424514,0.05768294790488354,Dataset/Dataset-processed/30-12-2559/3042768/c2/3042768_20161230__R_c3-1.jpg
Dataset/synth_eye_hard_train/img_145_original.png,Dataset/synth_eye_hard_train/img_145_transformed_0.png,0.9502985119916111,-0.014065142857322799,-0.10735954784252817,-0.11353093332081828,1.1146350827498175,0.05624322225790279,Dataset/Dataset-processed/30-12-2559/3042768/c2/3042768_20161230__R_c2.jpg
Dataset/synth_eye_hard_train/img_146_original.png,Dataset/synth_eye_hard_train/img_146_transformed_0.png,1.0924852492349473,-0.07171551741969892,-0.13159953370830135,0.15883706074648352,1.0082327210488375,-0.10414993488021507,Dataset/Dataset-processed/30-12-2559/3042768/c2/3042768_20161230__R_c1.jpg
Dataset/synth_eye_hard_train/img_147_original.png,Dataset/synth_eye_hard_train/img_147_transformed_0.png,1.0943024498293814,-0.06109003751893122,-0.007061370143791823,-0.14816135391323493,1.0973062919163021,0.12312861442416506,Dataset/Dataset-processed/30-12-2559/3042768/c2/3042768_20161230__R_c1-1.jpg
Dataset/synth_eye_hard_train/img_148_original.png,Dataset/synth_eye_hard_train/img_148_transformed_0.png,1.155322095470246,-0.13372138031310987,-0.15188546345820295,0.14855801858326617,1.1435178929866876,0.00010649204253790345,Dataset/Dataset-processed/30-12-2559/3042768/c2/3042768_20161230__R_c2-1.jpg
Dataset/synth_eye_hard_train/img_149_original.png,Dataset/synth_eye_hard_train/img_149_transformed_0.png,0.9992703412062527,-0.08435610173435504,-0.018278287034269175,0.02277457297945587,1.018058973061813,0.08683158500018173,Dataset/Dataset-processed/30-12-2559/3042768/b2/3042768_20161230__R_b3-1.jpg
Dataset/synth_eye_hard_train/img_150_original.png,Dataset/synth_eye_hard_train/img_150_transformed_0.png,1.148293186516212,0.026596813939747083,-0.1438197674823022,0.12344723956829634,1.136439941311113,0.15328714517789832,Dataset/Dataset-processed/30-12-2559/3042768/b2/3042768_20161230__R_b1.jpg
Dataset/synth_eye_hard_train/img_151_original.png,Dataset/synth_eye_hard_train/img_151_transformed_0.png,0.9063589516397932,-0.0023520794654102173,-0.05174262376045241,0.1227384737830694,0.9735690508641757,-0.06982380269260108,Dataset/Dataset-processed/30-12-2559/3042768/b2/3042768_20161230__R_b3.jpg
Dataset/synth_eye_hard_train/img_152_original.png,Dataset/synth_eye_hard_train/img_152_transformed_0.png,0.9894568176475366,-0.14857131283415828,-0.10394256401636542,0.04633760641877488,0.8031021342460114,0.14180861659709615,Dataset/Dataset-processed/30-12-2559/3042768/b2/3042768_20161230__R_b1-1.jpg
Dataset/synth_eye_hard_train/img_153_original.png,Dataset/synth_eye_hard_train/img_153_transformed_0.png,1.0169682618902731,-0.0027586229095858117,-0.07595509905890206,-0.1669131154623604,0.9139308142128112,0.1207679721619958,Dataset/Dataset-processed/30-12-2559/3042768/b2/3042768_20161230__R_b2-1.jpg
Dataset/synth_eye_hard_train/img_154_original.png,Dataset/synth_eye_hard_train/img_154_transformed_0.png,1.1195306806208818,-0.1522770940427449,0.16225427598353476,0.18185096964353253,1.025015864626144,-0.07466908692933308,Dataset/Dataset-processed/30-12-2559/3042768/c/3042768_20161230__L_c3.jpg
Dataset/synth_eye_hard_train/img_155_original.png,Dataset/synth_eye_hard_train/img_155_transformed_0.png,0.9546284173313287,0.10515259187389081,0.1914807909668073,0.12438815874456588,0.9764941004235701,-0.1467452496381744,Dataset/Dataset-processed/30-12-2559/3042768/c/3042768_20161230__L_c2-1.jpg
Dataset/synth_eye_hard_train/img_156_original.png,Dataset/synth_eye_hard_train/img_156_transformed_0.png,0.8636691467716989,-0.009679608360089353,-0.15200325301382037,0.06778308969446856,0.8963957183862117,0.10115122292343409,Dataset/Dataset-processed/30-12-2559/3042768/c/3042768_20161230__L_c1-1.jpg
Dataset/synth_eye_hard_train/img_157_original.png,Dataset/synth_eye_hard_train/img_157_transformed_0.png,0.9317063770592521,-0.08708012285981499,-0.1512292298668068,0.14040362297185538,0.8975500559350409,-0.1210481618489891,Dataset/Dataset-processed/30-12-2559/3042768/c/3042768_20161230__L_c1.jpg
Dataset/synth_eye_hard_train/img_158_original.png,Dataset/synth_eye_hard_train/img_158_transformed_0.png,0.8505350226758045,-0.07269637808452364,0.19521218691312953,0.193857772417172,1.1525276549024426,0.1548675862965191,Dataset/Dataset-processed/30-12-2559/3042768/c/3042768_20161230__L_c3-1.jpg
Dataset/synth_eye_hard_train/img_159_original.png,Dataset/synth_eye_hard_train/img_159_transformed_0.png,1.0063103287796449,-0.04027102809091243,0.006356255533085997,0.12031028512223146,0.9690682173174298,-0.0345314284196557,Dataset/Dataset-processed/30-12-2559/3236468/c/3236468_20161230__R_c1-1.jpg
Dataset/synth_eye_hard_train/img_160_original.png,Dataset/synth_eye_hard_train/img_160_transformed_0.png,0.8367353072277505,0.043281174974943465,-0.0668409944734949,0.11017417734417267,1.1085293916882797,0.16950482528401262,Dataset/Dataset-processed/30-12-2559/3236468/c/3236468_20161230__R_c3.jpg
Dataset/synth_eye_hard_train/img_161_original.png,Dataset/synth_eye_hard_train/img_161_transformed_0.png,0.859809634218013,-0.16089680316801772,-0.13401295714397682,-0.13977644315985285,1.0419100407349668,-0.08945860350192124,Dataset/Dataset-processed/30-12-2559/3236468/c/3236468_20161230__R_c1.jpg
Dataset/synth_eye_hard_train/img_162_original.png,Dataset/synth_eye_hard_train/img_162_transformed_0.png,1.198942687965745,0.030553882310065644,-0.17209466600048812,0.04331215624449358,1.0570229423056172,0.1736980616356067,Dataset/Dataset-processed/30-12-2559/3236468/c/3236468_20161230__R_c2-1.jpg
Dataset/synth_eye_hard_train/img_163_original.png,Dataset/synth_eye_hard_train/img_163_transformed_0.png,0.8821080869225861,0.01744384863782572,-0.10542394695245903,-0.10206043133172625,1.1552626901265914,-0.19206330365558477,Dataset/Dataset-processed/30-12-2559/3236468/c/3236468_20161230__R_c2.jpg
Dataset/synth_eye_hard_train/img_164_original.png,Dataset/synth_eye_hard_train/img_164_transformed_0.png,1.0898833840382207,0.025133171703070195,0.011861466071214771,-0.021994595997165856,0.8209884533608348,0.09915465514672606,Dataset/Dataset-processed/23-12-2559/2438008/b1/2438008_20161223__L_b2-1.jpg
Dataset/synth_eye_hard_train/img_165_original.png,Dataset/synth_eye_hard_train/img_165_transformed_0.png,1.046522882878559,0.03732283405200429,0.13551378401993935,0.050207149836045906,0.8156370412581037,-0.06125146535954046,Dataset/Dataset-processed/23-12-2559/2438008/b1/2438008_20161223__L_b3.jpg
Dataset/synth_eye_hard_train/img_166_original.png,Dataset/synth_eye_hard_train/img_166_transformed_0.png,0.8891359310288657,0.1775638077768722,-0.1835883668845218,-0.13659226828819743,1.1459548658039718,-0.07396357835467607,Dataset/Dataset-processed/23-12-2559/2438008/b1/2438008_20161223__L_b2.jpg
Dataset/synth_eye_hard_train/img_167_original.png,Dataset/synth_eye_hard_train/img_167_transformed_0.png,1.1943005858884206,0.12720414622046378,0.004507215276532639,-0.10824082001544166,1.130461846784647,-0.08644611355650361,Dataset/Dataset-processed/23-12-2559/2438008/b1/2438008_20161223__L_b3-1.jpg
Dataset/synth_eye_hard_train/img_168_original.png,Dataset/synth_eye_hard_train/img_168_transformed_0.png,0.8819015721637289,0.15214494617370722,-0.14030502572217604,-0.099687745676252,1.0954020681972163,0.15853895555389325,Dataset/Dataset-processed/23-12-2559/2438008/b1/2438008_20161223__L_b1-1.jpg
Dataset/synth_eye_hard_train/img_169_original.png,Dataset/synth_eye_hard_train/img_169_transformed_0.png,0.8031730452113823,-0.09111291443005376,-0.05848450188401305,-0.13386841546304384,0.8682197949486661,0.17271199992988878,Dataset/Dataset-processed/23-12-2559/3691745/b1/3691745_20161223__R_b2-1.jpg
Dataset/synth_eye_hard_train/img_170_original.png,Dataset/synth_eye_hard_train/img_170_transformed_0.png,1.1921609732105038,0.09968033348427807,-0.1111087155615374,0.008156108153217184,1.039667389781273,-0.16908240749939818,Dataset/Dataset-processed/23-12-2559/3691745/b1/3691745_20161223__R_b3-1.jpg
Dataset/synth_eye_hard_train/img_171_original.png,Dataset/synth_eye_hard_train/img_171_transformed_0.png,0.86173708479706,0.14040572744997498,0.12390175236404799,0.027599397371705636,1.0435884526201924,0.13426292288229552,Dataset/Dataset-processed/23-12-2559/3691745/b1/3691745_20161223__R_b1.jpg
Dataset/synth_eye_hard_train/img_172_original.png,Dataset/synth_eye_hard_train/img_172_transformed_0.png,0.9406831816857556,0.015125002161864798,-0.028179321626426945,0.17540727842625986,1.0355506098771348,-0.157789844692151,Dataset/Dataset-processed/23-12-2559/3691745/b1/3691745_20161223__R_b2.jpg
Dataset/synth_eye_hard_train/img_173_original.png,Dataset/synth_eye_hard_train/img_173_transformed_0.png,0.9311320324064243,0.10098998077876109,0.10792870298432095,0.17083110363453863,1.0911122952850951,-0.10184474729920856,Dataset/Dataset-processed/23-12-2559/3691745/b1/3691745_20161223__R_b3.jpg
Dataset/synth_eye_hard_train/img_174_original.png,Dataset/synth_eye_hard_train/img_174_transformed_0.png,0.9236139582818603,-0.07616548319851724,0.1912374753149731,0.030509285856933938,1.152419719623964,0.11693772487225002,Dataset/Dataset-processed/23-12-2559/3691745/c1/3691745_20161223__R_c3-1.jpg
Dataset/synth_eye_hard_train/img_175_original.png,Dataset/synth_eye_hard_train/img_175_transformed_0.png,0.9246145279442419,0.11246791662240907,0.08363599894961465,-0.13044685757416175,0.9612090692696266,-0.029711118167159073,Dataset/Dataset-processed/23-12-2559/3691745/c1/3691745_20161223__R_c2-1.jpg
Dataset/synth_eye_hard_train/img_176_original.png,Dataset/synth_eye_hard_train/img_176_transformed_0.png,1.156205070046809,0.0380692913203938,-0.0065660210220589155,-0.004677816977637972,0.8565712649327869,-0.02808611014656584,Dataset/Dataset-processed/23-12-2559/3691745/c1/3691745_20161223__R_c2.jpg
Dataset/synth_eye_hard_train/img_177_original.png,Dataset/synth_eye_hard_train/img_177_transformed_0.png,1.086649523984065,-0.06827993993714518,-0.07271837343001383,0.1300874151726203,0.8496377536008966,0.1353394402188282,Dataset/Dataset-processed/23-12-2559/3691745/c1/3691745_20161223__R_c3.jpg
Dataset/synth_eye_hard_train/img_178_original.png,Dataset/synth_eye_hard_train/img_178_transformed_0.png,0.8040689540722293,-0.02830161804511877,-0.1616769916818631,0.06395808712100026,1.1852665484821214,0.18514588947309107,Dataset/Dataset-processed/23-12-2559/3691745/c1/3691745_20161223__R_c1.jpg
Dataset/synth_eye_hard_train/img_179_original.png,Dataset/synth_eye_hard_train/img_179_transformed_0.png,1.0078287273036262,0.14943674622354725,-0.046666687253129446,-0.11317819861705886,1.000223937831752,0.05770950988797202,Dataset/Dataset-processed/23-12-2559/1426104/b1/1426104_20161223__Image_R_b2-1.jpg
Dataset/synth_eye_hard_train/img_180_original.png,Dataset/synth_eye_hard_train/img_180_transformed_0.png,1.088217526488894,0.08329555698829799,0.02882373905363922,0.16151780100043805,0.9206503371887927,-0.11321896299283601,Dataset/Dataset-processed/23-12-2559/1426104/b1/1426104_20161223__Image_R_b1.jpg
Dataset/synth_eye_hard_train/img_181_original.png,Dataset/synth_eye_hard_train/img_181_transformed_0.png,0.9997690113245784,0.18201259877526382,0.11205365132982148,0.10430246752417177,1.1923390711199124,0.17689298227629863,Dataset/Dataset-processed/23-12-2559/1426104/b1/1426104_20161223__Image_R_b3-1.jpg
Dataset/synth_eye_hard_train/img_182_original.png,Dataset/synth_eye_hard_train/img_182_transformed_0.png,0.9772436471193827,0.1257718280114813,-0.02026413981932801,-0.09249018390750319,0.9122978243905819,-0.002585532890393788,Dataset/Dataset-processed/23-12-2559/1426104/b1/1426104_20161223__Image_R_b2.jpg
Dataset/synth_eye_hard_train/img_183_original.png,Dataset/synth_eye_hard_train/img_183_transformed_0.png,0.8587254019650594,-0.1503632978411966,-0.004057818664067903,-0.05564838238790279,1.1450471204620034,-0.19459233641538742,Dataset/Dataset-processed/23-12-2559/1426104/b1/1426104_20161223__Image_R_b3.jpg
Dataset/synth_eye_hard_train/img_184_original.png,Dataset/synth_eye_hard_train/img_184_transformed_0.png,0.8199633992829651,0.1343976353110009,0.08870453063751743,0.14575662763843872,0.8114602730586659,0.14778668219092217,Dataset/Dataset-processed/23-12-2559/1426104/c2/1426104_20161223__L_c1-1.jpg
Dataset/synth_eye_hard_train/img_185_original.png,Dataset/synth_eye_hard_train/img_185_transformed_0.png,0.8864880613258161,-0.06247126276563139,0.15144096959153092,0.1453235383406991,1.1331834229171838,-0.1664593171525097,Dataset/Dataset-processed/23-12-2559/1426104/c2/1426104_20161223__L_c2.jpg
Dataset/synth_eye_hard_train/img_186_original.png,Dataset/synth_eye_hard_train/img_186_transformed_0.png,1.080738992203416,-0.1178662827254759,0.06501682366230971,0.0845798521388258,1.1870698328300735,-0.0005201725440980298,Dataset/Dataset-processed/23-12-2559/1426104/c2/1426104_20161223__L_c1.jpg
Dataset/synth_eye_hard_train/img_187_original.png,Dataset/synth_eye_hard_train/img_187_transformed_0.png,0.8333616623061584,-0.12283698879462719,-0.03328012912525172,-0.07138632833903086,0.8526444719883494,-0.06845719012780635,Dataset/Dataset-processed/23-12-2559/1426104/c2/1426104_20161223__L_c3-1.jpg
Dataset/synth_eye_hard_train/img_188_original.png,Dataset/synth_eye_hard_train/img_188_transformed_0.png,0.9541630426324527,-0.06066593261467826,0.06904817359742965,0.07585803791609613,1.0568927309601173,0.10435522214750081,Dataset/Dataset-processed/23-12-2559/1426104/c2/1426104_20161223__L_c2-1.jpg
Dataset/synth_eye_hard_train/img_189_original.png,Dataset/synth_eye_hard_train/img_189_transformed_0.png,0.837324354292425,0.03913467370289339,0.028748531260842813,0.18601251971399785,0.9198344504911495,-0.10849155348200168,Dataset/Dataset-processed/23-12-2559/3553023/b/3553023_20161223__R_b2-1.jpg
Dataset/synth_eye_hard_train/img_190_original.png,Dataset/synth_eye_hard_train/img_190_transformed_0.png,0.8078532966508667,-0.18942250247284603,-0.16412989903541184,-0.06872268867268386,1.0437093167328033,0.03325774770379275,Dataset/Dataset-processed/23-12-2559/3553023/b/3553023_20161223__R_b3-1.jpg
Dataset/synth_eye_hard_train/img_191_original.png,Dataset/synth_eye_hard_train/img_191_transformed_0.png,1.1345988009402852,-0.09992699034949917,-0.04498550073186225,0.16675600837691001,0.9380282161432086,-0.19013552959177893,Dataset/Dataset-processed/23-12-2559/3553023/b/3553023_20161223__R_b3.jpg
Dataset/synth_eye_hard_train/img_192_original.png,Dataset/synth_eye_hard_train/img_192_transformed_0.png,1.0495588225222632,-0.18925961700209576,-0.006997556470744237,0.025611862961001236,1.1543170991060003,-0.1665731494803629,Dataset/Dataset-processed/23-12-2559/3553023/b/3553023_20161223__R_b1-1.jpg
Dataset/synth_eye_hard_train/img_193_original.png,Dataset/synth_eye_hard_train/img_193_transformed_0.png,0.8128073815182953,-0.19245433509903354,0.05215210667296305,0.004964747370737321,1.095610959763487,-0.04435829226114918,Dataset/Dataset-processed/23-12-2559/3553023/b/3553023_20161223__R_b1.jpg
Dataset/synth_eye_hard_train/img_194_original.png,Dataset/synth_eye_hard_train/img_194_transformed_0.png,0.9250245699623829,0.042630778876153796,0.1612291990431053,-0.17925302321310818,0.9876114192658405,0.13709486604078053,Dataset/Dataset-processed/23-12-2559/3553023/c/3553023_20161223__R_c3-1.jpg
Dataset/synth_eye_hard_train/img_195_original.png,Dataset/synth_eye_hard_train/img_195_transformed_0.png,1.141560634124173,0.13375203907311212,0.11563659186485947,-0.016095254696796346,0.8322129215211002,-0.09799627362508484,Dataset/Dataset-processed/23-12-2559/3553023/c/3553023_20161223__R_c2.jpg
Dataset/synth_eye_hard_train/img_196_original.png,Dataset/synth_eye_hard_train/img_196_transformed_0.png,0.9086379430984145,0.11562055004193778,0.06854216001095081,0.12039221158958352,1.109290464295293,-0.1534628369289166,Dataset/Dataset-processed/23-12-2559/3553023/c/3553023_20161223__R_c3.jpg
Dataset/synth_eye_hard_train/img_197_original.png,Dataset/synth_eye_hard_train/img_197_transformed_0.png,1.153381952549133,-0.05526507875815123,0.15461634330232993,0.1537696975332769,0.9787956245227343,0.04863171689274792,Dataset/Dataset-processed/23-12-2559/3553023/c/3553023_20161223__R_c1-1.jpg
Dataset/synth_eye_hard_train/img_198_original.png,Dataset/synth_eye_hard_train/img_198_transformed_0.png,1.1566571061351527,-0.06102924351055963,0.08366564270558718,-0.02129266051862802,1.097154814285363,-0.1228357784133797,Dataset/Dataset-processed/23-12-2559/3553023/c/3553023_20161223__R_c1.jpg
Dataset/synth_eye_hard_train/img_199_original.png,Dataset/synth_eye_hard_train/img_199_transformed_0.png,0.9010977227624682,0.17235754607602816,-0.19745747093695587,0.13675076786082646,1.065180436909151,-0.03881659765289669,Dataset/Dataset-processed/23-12-2559/3752642/b1/3752642_20161223__L_b2.jpg
